{"assets/fonts/Ubuntu-Bold.ttf":["assets/fonts/Ubuntu-Bold.ttf"],"assets/fonts/Ubuntu-Regular.ttf":["assets/fonts/Ubuntu-Regular.ttf"],"assets/images/home.jpg":["assets/images/home.jpg"],"assets/images/icons/facebook.png":["assets/images/icons/facebook.png"],"assets/images/icons/google.png":["assets/images/icons/google.png"],"assets/images/icons/linkedin.png":["assets/images/icons/linkedin.png"],"assets/images/iitj_logo.png":["assets/images/iitj_logo.png"],"assets/images/intro.jpg":["assets/images/intro.jpg"],"assets/images/login.png":["assets/images/login.png"],"assets/images/logo.png":["assets/images/logo.png"],"assets/images/signup.png":["assets/images/signup.png"],"assets/images/surevy-completed.jpg":["assets/images/surevy-completed.jpg"],"assets/images/welcome.png":["assets/images/welcome.png"],"packages/cupertino_icons/assets/CupertinoIcons.ttf":["packages/cupertino_icons/assets/CupertinoIcons.ttf"],"packages/rflutter_alert/assets/images/close.png":["packages/rflutter_alert/assets/images/close.png","packages/rflutter_alert/assets/images/3.0x/close.png","packages/rflutter_alert/assets/images/2.0x/close.png"],"packages/rflutter_alert/assets/images/icon_error.png":["packages/rflutter_alert/assets/images/icon_error.png","packages/rflutter_alert/assets/images/3.0x/icon_error.png","packages/rflutter_alert/assets/images/2.0x/icon_error.png"],"packages/rflutter_alert/assets/images/icon_info.png":["packages/rflutter_alert/assets/images/icon_info.png","packages/rflutter_alert/assets/images/3.0x/icon_info.png","packages/rflutter_alert/assets/images/2.0x/icon_info.png"],"packages/rflutter_alert/assets/images/icon_success.png":["packages/rflutter_alert/assets/images/icon_success.png","packages/rflutter_alert/assets/images/3.0x/icon_success.png","packages/rflutter_alert/assets/images/2.0x/icon_success.png"],"packages/rflutter_alert/assets/images/icon_warning.png":["packages/rflutter_alert/assets/images/icon_warning.png","packages/rflutter_alert/assets/images/3.0x/icon_warning.png","packages/rflutter_alert/assets/images/2.0x/icon_warning.png"]}